{
  "hash": "23fe7bc5",
  "configHash": "6122ffab",
  "lockfileHash": "48f3723a",
  "browserHash": "8e2164bb",
  "optimized": {
    "@angular/core": {
      "src": "../../../../../node_modules/@angular/core/fesm2022/core.mjs",
      "file": "@angular_core.js",
      "fileHash": "72c62168",
      "needsInterop": false
    },
    "@angular/platform-browser": {
      "src": "../../../../../node_modules/@angular/platform-browser/fesm2022/platform-browser.mjs",
      "file": "@angular_platform-browser.js",
      "fileHash": "e8ade0e8",
      "needsInterop": false
    },
    "@angular/router": {
      "src": "../../../../../node_modules/@angular/router/fesm2022/router.mjs",
      "file": "@angular_router.js",
      "fileHash": "f5243896",
      "needsInterop": false
    },
    "@angular/common/http": {
      "src": "../../../../../node_modules/@angular/common/fesm2022/http.mjs",
      "file": "@angular_common_http.js",
      "fileHash": "150d1a7b",
      "needsInterop": false
    }
  },
  "chunks": {
    "chunk-YMZCQPVP": {
      "file": "chunk-YMZCQPVP.js"
    },
    "chunk-ZNM5AH5I": {
      "file": "chunk-ZNM5AH5I.js"
    },
    "chunk-LF2LKXYJ": {
      "file": "chunk-LF2LKXYJ.js"
    }
  }
}